<?xml version='1.0' encoding='UTF-8'?>
<package version="0.0.1" uuid="idle-d3a7fd">
 <names>
  <name lang="en_US">Idle</name>
 </names>
 <supportedLanguages>
  <language>en_US</language>
  <language>fr_FR</language>
 </supportedLanguages>
 <descriptionLanguages>
  <language>en_US</language>
  <language>fr_FR</language>
 </descriptionLanguages>
 <contents>
  <behaviorContent path="Idle">
   <nature>solitary</nature>
   <names>
    <name lang="en_US">Idle</name>
   </names>
   <descriptions>
    <description lang="en_US">Idle</description>
   </descriptions>
   <permissions/>
  </behaviorContent>
 </contents>
</package>
